game_id,game_date,season,home_team_id,visitor_team_id,home_team_score,visitor_team_score,postseason,status
1037593,2023-10-24,2023,8,14,119,107,0,Final
1037594,2023-10-24,2023,10,24,104,108,0,Final
1037595,2023-10-25,2023,4,1,116,110,0,Final
1037596,2023-10-25,2023,12,30,143,120,0,Final
1037597,2023-10-25,2023,20,2,104,108,0,Final
1037598,2023-10-25,2023,22,11,116,86,0,Final
1037599,2023-10-25,2023,3,6,113,114,0,Final
1037600,2023-10-25,2023,16,9,103,102,0,Final
1037601,2023-10-25,2023,28,18,97,94,0,Final
1037602,2023-10-25,2023,5,21,104,124,0,Final
1037603,2023-10-25,2023,15,19,104,111,0,Final
1037604,2023-10-25,2023,29,26,114,130,0,Final
1037605,2023-10-25,2023,27,7,119,126,0,Final
1037606,2023-10-25,2023,13,25,123,111,0,Final
1037607,2023-10-26,2023,17,23,118,117,0,Final
1037608,2023-10-26,2023,14,24,100,95,0,Final
1037609,2023-10-27,2023,4,9,99,111,0,Final
1037610,2023-10-27,2023,15,8,104,108,0,Final
1037611,2023-10-27,2023,1,20,120,126,0,Final
1037612,2023-10-27,2023,2,16,119,111,0,Final
1037613,2023-10-27,2023,6,21,105,108,0,Final
1037614,2023-10-27,2023,5,28,104,103,0,Final
1037615,2023-10-27,2023,27,11,126,122,0,Final
1037616,2023-10-27,2023,7,3,125,120,0,Final
1037617,2023-10-27,2023,29,13,120,118,0,Final
1037618,2023-10-27,2023,25,22,97,102,0,Final
1037619,2023-10-27,2023,26,10,114,122,0,Final
1037620,2023-10-28,2023,9,5,118,102,0,Final
1037621,2023-10-28,2023,30,15,113,106,0,Final
1037622,2023-10-28,2023,19,20,96,87,0,Final
1037623,2023-10-28,2023,6,12,113,125,0,Final
1037624,2023-10-28,2023,28,23,107,114,0,Final
1037625,2023-10-28,2023,18,16,106,90,0,Final
1037626,2023-10-28,2023,24,29,126,104,0,Final
1037627,2023-10-29,2023,21,8,95,128,0,Final
1037628,2023-10-29,2023,11,10,95,106,0,Final
1037629,2023-10-29,2023,17,1,110,127,0,Final
1037630,2023-10-29,2023,23,25,126,98,0,Final
1037631,2023-10-29,2023,13,27,123,83,0,Final
1037632,2023-10-29,2023,26,14,132,127,0,Final
1037633,2023-10-30,2023,4,3,121,133,0,Final
1037634,2023-10-30,2023,12,5,105,112,0,Final
1037635,2023-10-30,2023,30,2,107,126,0,Final
1037636,2023-10-30,2023,1,18,127,113,0,Final
1037637,2023-10-30,2023,28,25,91,99,0,Final
1037638,2023-10-30,2023,15,7,110,125,0,Final
1037639,2023-10-30,2023,17,16,122,114,0,Final
1037640,2023-10-30,2023,19,10,102,130,0,Final
1037641,2023-10-30,2023,21,9,124,112,0,Final
1037642,2023-10-30,2023,8,29,110,102,0,Final
1037643,2023-10-30,2023,14,22,106,103,0,Final
1037644,2023-10-31,2023,6,20,91,109,0,Final
1037645,2023-10-31,2023,24,27,114,115,0,Final
1037646,2023-10-31,2023,13,22,118,102,0,Final
1037647,2023-11-01,2023,9,25,101,110,0,Final
1037648,2023-11-01,2023,28,17,130,111,0,Final
1037649,2023-11-01,2023,1,30,130,121,0,Final
1037650,2023-11-01,2023,2,12,155,104,0,Final
1037651,2023-11-01,2023,16,3,105,109,0,Final
1037652,2023-11-01,2023,20,6,89,95,0,Final
1037653,2023-11-01,2023,21,19,106,110,0,Final
1037654,2023-11-01,2023,11,4,128,119,0,Final
1037655,2023-11-01,2023,18,8,110,89,0,Final
1037656,2023-11-01,2023,7,5,114,105,0,Final
1037657,2023-11-01,2023,29,15,133,109,0,Final
1037658,2023-11-01,2023,10,26,102,101,0,Final
1037659,2023-11-01,2023,14,13,130,125,0,Final
1037660,2023-11-02,2023,23,28,114,99,0,Final
1037661,2023-11-02,2023,19,9,125,116,0,Final
1037662,2023-11-02,2023,29,22,113,115,0,Final
1037663,2023-11-02,2023,24,27,121,132,0,Final
3277349,2023-11-03,2023,12,6,121,116,0,Final
3277350,2023-11-03,2023,17,20,110,105,0,Final
3277351,2023-11-03,2023,16,30,121,114,0,Final
3277352,2023-11-03,2023,5,3,107,109,0,Final
3277353,2023-11-03,2023,21,10,139,141,0,Final
3277354,2023-11-03,2023,8,7,125,114,0,Final
3277355,2023-11-03,2023,25,15,115,113,0,Final
1037671,2023-11-04,2023,23,24,112,100,0,Final
1037672,2023-11-04,2023,12,4,124,125,0,Final
1037673,2023-11-04,2023,22,14,120,101,0,Final
1037674,2023-11-04,2023,19,1,105,123,0,Final
1037675,2023-11-04,2023,3,2,114,124,0,Final
1037676,2023-11-04,2023,11,26,107,89,0,Final
1037677,2023-11-04,2023,18,29,123,95,0,Final
1037678,2023-11-04,2023,8,5,123,101,0,Final
1037679,2023-11-05,2023,9,24,106,120,0,Final
1037680,2023-11-05,2023,27,28,116,123,0,Final
1037681,2023-11-05,2023,6,10,115,104,0,Final
1037682,2023-11-05,2023,7,4,124,118,0,Final
1037683,2023-11-05,2023,25,15,100,112,0,Final
1037684,2023-11-06,2023,9,10,109,120,0,Final
1037685,2023-11-06,2023,12,27,152,111,0,Final
1037686,2023-11-06,2023,22,7,102,117,0,Final
1037687,2023-11-06,2023,23,30,146,128,0,Final
1037688,2023-11-06,2023,3,17,125,129,0,Final
1037689,2023-11-06,2023,16,14,108,107,0,Final
1037690,2023-11-06,2023,20,13,111,97,0,Final
1037691,2023-11-06,2023,5,29,130,113,0,Final
1037692,2023-11-06,2023,11,26,122,97,0,Final
1037693,2023-11-06,2023,18,2,114,109,0,Final
1037694,2023-11-06,2023,21,1,126,117,0,Final
1037695,2023-11-06,2023,8,19,134,116,0,Final
1037696,2023-11-08,2023,4,30,116,132,0,Final
1037697,2023-11-08,2023,12,29,134,118,0,Final
1037698,2023-11-08,2023,23,2,106,103,0,Final
1037699,2023-11-08,2023,3,13,100,93,0,Final
1037700,2023-11-08,2023,20,27,126,105,0,Final
1037701,2023-11-08,2023,5,24,115,116,0,Final
1037702,2023-11-08,2023,11,14,128,94,0,Final
1037703,2023-11-08,2023,15,16,102,108,0,Final
1037704,2023-11-08,2023,17,9,120,118,0,Final
1037705,2023-11-08,2023,18,19,122,101,0,Final
1037706,2023-11-08,2023,21,6,128,120,0,Final
1037707,2023-11-08,2023,7,28,116,127,0,Final
1037708,2023-11-08,2023,8,10,108,105,0,Final
1037709,2023-11-08,2023,26,25,121,118,0,Final
1037710,2023-11-09,2023,12,17,126,124,0,Final
1037711,2023-11-09,2023,22,1,119,120,0,Final
3277397,2023-11-10,2023,9,23,106,114,0,Final
3277398,2023-11-10,2023,30,4,117,124,0,Final
3277399,2023-11-10,2023,2,3,121,107,0,Final
3277400,2023-11-10,2023,11,19,104,101,0,Final
3277401,2023-11-10,2023,15,29,121,127,0,Final
3277402,2023-11-10,2023,27,18,110,117,0,Final
3277403,2023-11-10,2023,7,13,144,126,0,Final
3277404,2023-11-10,2023,24,14,119,122,0,Final
3277405,2023-11-10,2023,26,21,105,98,0,Final
1037721,2023-11-11,2023,22,17,112,97,0,Final
1037722,2023-11-11,2023,2,28,117,94,0,Final
1037723,2023-11-11,2023,1,16,109,117,0,Final
1037724,2023-11-11,2023,10,6,110,118,0,Final
1037725,2023-11-12,2023,20,4,129,107,0,Final
1037726,2023-11-12,2023,3,30,102,94,0,Final
1037727,2023-11-12,2023,13,15,101,105,0,Final
1037728,2023-11-12,2023,23,12,137,126,0,Final
1037729,2023-11-12,2023,5,9,119,108,0,Final
1037730,2023-11-12,2023,11,8,107,104,0,Final
1037731,2023-11-12,2023,19,7,124,136,0,Final
1037732,2023-11-12,2023,27,16,113,118,0,Final
1037733,2023-11-12,2023,24,21,99,111,0,Final
1037734,2023-11-12,2023,10,18,110,116,0,Final
1037735,2023-11-12,2023,14,25,116,110,0,Final
1037736,2023-11-13,2023,2,20,114,98,0,Final
1037737,2023-11-13,2023,28,30,111,107,0,Final
1037738,2023-11-13,2023,17,5,118,109,0,Final
1037739,2023-11-13,2023,26,6,132,120,0,Final
3277425,2023-11-14,2023,4,16,105,111,0,Final
3277426,2023-11-14,2023,9,1,120,126,0,Final
3277427,2023-11-14,2023,23,12,126,132,0,Final
3277428,2023-11-14,2023,3,22,124,104,0,Final
3277429,2023-11-14,2023,21,27,123,87,0,Final
3277430,2023-11-14,2023,19,7,131,110,0,Final
3277431,2023-11-14,2023,29,25,115,99,0,Final
3277432,2023-11-14,2023,8,13,111,108,0,Final
3277433,2023-11-14,2023,10,18,101,104,0,Final
3277434,2023-11-14,2023,14,15,134,107,0,Final
1037750,2023-11-15,2023,30,7,117,130,0,Final
1037751,2023-11-15,2023,1,20,114,116,0,Final
1037752,2023-11-15,2023,23,2,107,117,0,Final
1037753,2023-11-15,2023,28,17,112,128,0,Final
1037754,2023-11-15,2023,5,22,94,96,0,Final
1037755,2023-11-15,2023,24,18,133,115,0,Final
1037756,2023-11-15,2023,14,26,110,125,0,Final
1037757,2023-11-15,2023,25,6,95,109,0,Final
1037758,2023-11-16,2023,16,3,122,115,0,Final
1037759,2023-11-16,2023,10,21,109,128,0,Final
3277445,2023-11-17,2023,4,17,99,130,0,Final
3277446,2023-11-17,2023,30,20,99,120,0,Final
3277447,2023-11-17,2023,1,23,116,126,0,Final
3277448,2023-11-17,2023,6,9,108,100,0,Final
3277449,2023-11-17,2023,28,2,105,108,0,Final
3277450,2023-11-17,2023,27,26,120,129,0,Final
3277451,2023-11-17,2023,5,22,97,103,0,Final
3277452,2023-11-17,2023,19,8,115,110,0,Final
3277453,2023-11-17,2023,29,24,128,131,0,Final
3277454,2023-11-17,2023,25,14,95,107,0,Final
3277455,2023-11-17,2023,13,11,106,100,0,Final
1037771,2023-11-18,2023,4,20,108,122,0,Final
1037772,2023-11-18,2023,19,18,120,121,0,Final
1037773,2023-11-18,2023,5,16,102,97,0,Final
1037774,2023-11-18,2023,17,7,132,125,0,Final
1037775,2023-11-18,2023,27,15,108,120,0,Final
1037776,2023-11-18,2023,10,21,123,130,0,Final
1037777,2023-11-19,2023,3,23,99,121,0,Final
1037778,2023-11-19,2023,12,22,116,128,0,Final
1037779,2023-11-19,2023,6,8,121,109,0,Final
1037780,2023-11-19,2023,28,9,142,113,0,Final
1037781,2023-11-19,2023,7,26,113,129,0,Final
1037782,2023-11-19,2023,15,2,100,102,0,Final
1037783,2023-11-19,2023,29,24,137,140,0,Final
1037784,2023-11-19,2023,25,21,91,134,0,Final
1037785,2023-11-19,2023,14,11,105,104,0,Final
1037786,2023-11-20,2023,4,2,121,118,0,Final
1037787,2023-11-20,2023,9,8,103,107,0,Final
1037788,2023-11-20,2023,30,17,129,142,0,Final
1037789,2023-11-20,2023,5,16,100,118,0,Final
1037790,2023-11-20,2023,18,20,117,100,0,Final
1037791,2023-11-20,2023,19,26,129,93,0,Final
1037792,2023-11-20,2023,27,13,99,124,0,Final
1037793,2023-11-20,2023,10,11,121,116,0,Final
3277479,2023-11-21,2023,22,28,126,107,0,Final
3277480,2023-11-21,2023,1,12,152,157,0,Final
3277481,2023-11-21,2023,23,6,119,122,0,Final
3277482,2023-11-21,2023,24,25,120,107,0,Final
3277483,2023-11-21,2023,14,29,131,99,0,Final
1037799,2023-11-22,2023,4,30,117,114,0,Final
1037800,2023-11-22,2023,22,8,124,119,0,Final
1037801,2023-11-22,2023,1,3,147,145,0,Final
1037802,2023-11-22,2023,2,17,119,116,0,Final
1037803,2023-11-22,2023,6,16,96,129,0,Final
1037804,2023-11-22,2023,12,28,131,132,0,Final
1037805,2023-11-22,2023,11,15,111,91,0,Final
1037806,2023-11-22,2023,18,23,112,99,0,Final
1037807,2023-11-22,2023,19,26,117,112,0,Final
1037808,2023-11-22,2023,21,5,116,102,0,Final
1037809,2023-11-22,2023,27,13,102,109,0,Final
1037810,2023-11-22,2023,24,10,123,115,0,Final
1037811,2023-11-22,2023,25,29,121,105,0,Final
1037812,2023-11-22,2023,14,7,101,104,0,Final
3277498,2023-11-24,2023,22,2,113,96,0,Final
3277499,2023-11-24,2023,15,24,89,110,0,Final
3277500,2023-11-24,2023,20,16,100,98,0,Final
3277501,2023-11-24,2023,28,5,121,108,0,Final
3277502,2023-11-24,2023,12,9,136,113,0,Final
3277503,2023-11-24,2023,11,8,105,86,0,Final
3277504,2023-11-24,2023,17,30,131,128,0,Final
3277505,2023-11-24,2023,18,26,111,124,0,Final
3277506,2023-11-24,2023,10,27,118,112,0,Final
3277507,2023-11-24,2023,13,19,106,116,0,Final
1037823,2023-11-25,2023,21,23,123,127,0,Final
1037824,2023-11-25,2023,3,16,112,97,0,Final
1037825,2023-11-25,2023,30,1,108,136,0,Final
1037826,2023-11-25,2023,6,14,115,121,0,Final
1037827,2023-11-25,2023,29,19,105,100,0,Final
1037828,2023-11-25,2023,13,7,107,88,0,Final
1037829,2023-11-26,2023,17,25,108,102,0,Final
1037830,2023-11-26,2023,2,1,113,103,0,Final
1037831,2023-11-26,2023,20,24,113,116,0,Final
1037832,2023-11-26,2023,22,4,130,117,0,Final
1037833,2023-11-26,2023,15,18,97,119,0,Final
1037834,2023-11-26,2023,3,5,118,109,0,Final
1037835,2023-11-26,2023,6,28,105,102,0,Final
1037836,2023-11-26,2023,8,27,132,120,0,Final
1037837,2023-11-27,2023,9,30,107,126,0,Final
1037838,2023-11-27,2023,12,25,110,114,0,Final
1037839,2023-11-27,2023,23,14,138,94,0,Final
1037840,2023-11-27,2023,29,19,114,112,0,Final
1037841,2023-11-27,2023,13,8,104,113,0,Final
3277527,2023-11-28,2023,2,5,124,97,0,Final
3277528,2023-11-28,2023,3,28,115,103,0,Final
3277529,2023-11-28,2023,6,1,128,105,0,Final
3277530,2023-11-28,2023,16,17,124,131,0,Final
3277531,2023-11-28,2023,20,4,115,91,0,Final
3277532,2023-11-28,2023,18,21,106,103,0,Final
3277533,2023-11-28,2023,7,11,121,115,0,Final
3277534,2023-11-28,2023,26,10,124,123,0,Final
1037850,2023-11-29,2023,9,14,107,133,0,Final
1037851,2023-11-29,2023,22,30,139,120,0,Final
1037852,2023-11-29,2023,28,24,112,105,0,Final
1037853,2023-11-29,2023,15,29,105,91,0,Final
1037854,2023-11-29,2023,19,23,124,114,0,Final
1037855,2023-11-29,2023,8,11,134,124,0,Final
1037856,2023-11-29,2023,26,13,117,131,0,Final
1037857,2023-11-30,2023,6,25,95,103,0,Final
1037858,2023-11-30,2023,3,4,128,129,0,Final
1037859,2023-11-30,2023,16,12,142,132,0,Final
1037860,2023-11-30,2023,20,9,118,112,0,Final
1037861,2023-11-30,2023,5,17,120,113,0,Final
1037862,2023-11-30,2023,18,29,101,90,0,Final
1037863,2023-11-30,2023,21,14,133,110,0,Final
1037864,2023-11-30,2023,27,1,135,137,0,Final
1037865,2023-11-30,2023,10,13,120,114,0,Final
1037866,2023-12-01,2023,22,30,130,125,0,Final
1037867,2023-12-01,2023,2,23,125,119,0,Final
1037868,2023-12-01,2023,28,20,106,119,0,Final
1037869,2023-12-01,2023,7,15,94,108,0,Final
1037870,2023-12-01,2023,19,27,121,106,0,Final
1037871,2023-12-01,2023,24,8,111,119,0,Final
1037872,2023-12-02,2023,13,10,113,112,0,Final
1037873,2023-12-02,2023,4,18,117,123,0,Final
1037874,2023-12-02,2023,3,22,129,101,0,Final
1037875,2023-12-02,2023,9,6,101,110,0,Final
1037876,2023-12-02,2023,16,12,129,144,0,Final
1037877,2023-12-02,2023,5,19,124,118,0,Final
1037878,2023-12-02,2023,17,1,132,121,0,Final
1037879,2023-12-02,2023,7,21,120,126,0,Final
1037880,2023-12-02,2023,24,15,116,109,0,Final
1037881,2023-12-02,2023,29,25,118,113,0,Final
1037882,2023-12-02,2023,26,8,123,117,0,Final
1037883,2023-12-02,2023,14,11,107,97,0,Final
7045521,2023-12-04,2023,12,2,122,112,0,Final
7045522,2023-12-04,2023,26,19,117,127,0,Final
7045523,2023-12-05,2023,17,20,146,122,0,Final
7045524,2023-12-05,2023,14,24,106,103,0,Final
7049313,2023-12-06,2023,6,22,121,111,0,Final
7049314,2023-12-06,2023,9,15,102,116,0,Final
7049315,2023-12-06,2023,28,16,103,112,0,Final
7049316,2023-12-06,2023,30,23,126,131,0,Final
7049317,2023-12-06,2023,1,3,113,114,0,Final
7049318,2023-12-06,2023,18,27,102,94,0,Final
7049319,2023-12-06,2023,5,4,111,100,0,Final
7049320,2023-12-06,2023,11,21,110,101,0,Final
7049321,2023-12-06,2023,7,29,147,97,0,Final
7049322,2023-12-06,2023,10,25,110,106,0,Final
7049323,2023-12-06,2023,13,8,111,102,0,Final
7981414,2023-12-07,2023,17,12,119,128,0,Final
7996352,2023-12-07,2023,14,19,133,89,0,Final
7050282,2023-12-08,2023,4,28,119,116,0,Final
7050283,2023-12-08,2023,22,9,123,91,0,Final
7050284,2023-12-08,2023,23,1,125,114,0,Final
7050285,2023-12-08,2023,3,30,124,97,0,Final
7050286,2023-12-08,2023,16,6,99,111,0,Final
7050287,2023-12-08,2023,15,18,103,127,0,Final
7050288,2023-12-08,2023,21,10,138,136,0,Final
7050289,2023-12-08,2023,27,5,112,121,0,Final
7050290,2023-12-08,2023,8,11,106,114,0,Final
7050291,2023-12-08,2023,29,13,103,117,0,Final
7050292,2023-12-08,2023,25,7,112,125,0,Final
7981426,2023-12-08,2023,2,20,133,123,0,Final
7996365,2023-12-08,2023,24,26,106,114,0,Final
8258317,2023-12-09,2023,14,12,123,109,0,Final
1037884,2023-12-11,2023,4,16,114,116,0,Final
1037885,2023-12-11,2023,9,12,123,131,0,Final
1037886,2023-12-11,2023,22,6,104,94,0,Final
1037887,2023-12-11,2023,23,30,146,101,0,Final
1037888,2023-12-11,2023,1,8,122,129,0,Final
1037889,2023-12-11,2023,20,28,136,130,0,Final
1037890,2023-12-11,2023,11,27,93,82,0,Final
1037891,2023-12-11,2023,15,7,113,120,0,Final
1037892,2023-12-11,2023,17,5,133,129,0,Final
1037893,2023-12-11,2023,19,18,121,107,0,Final
1037894,2023-12-11,2023,21,29,134,120,0,Final
1037895,2023-12-11,2023,26,3,131,118,0,Final
1037896,2023-12-11,2023,13,25,132,127,0,Final
1037897,2023-12-12,2023,2,6,120,113,0,Final
1037898,2023-12-12,2023,7,14,127,125,0,Final
1037899,2023-12-12,2023,5,8,106,114,0,Final
1037900,2023-12-12,2023,24,10,119,116,0,Final
1037901,2023-12-12,2023,13,26,119,99,0,Final
1037902,2023-12-13,2023,9,23,111,129,0,Final
1037903,2023-12-13,2023,30,19,122,142,0,Final
1037904,2023-12-13,2023,16,4,115,104,0,Final
1037905,2023-12-13,2023,28,1,135,128,0,Final
1037906,2023-12-13,2023,11,15,117,104,0,Final
1037907,2023-12-13,2023,17,12,140,126,0,Final
1037908,2023-12-13,2023,27,14,119,122,0,Final
1037909,2023-12-13,2023,24,3,112,116,0,Final
1037910,2023-12-13,2023,29,20,117,113,0,Final
1037911,2023-12-14,2023,2,6,116,107,0,Final
1037912,2023-12-14,2023,16,5,116,124,0,Final
1037913,2023-12-14,2023,7,18,101,119,0,Final
1037914,2023-12-14,2023,8,3,124,101,0,Final
1037915,2023-12-14,2023,25,29,114,122,0,Final
1037916,2023-12-14,2023,26,21,128,123,0,Final
1037917,2023-12-14,2023,13,10,121,113,0,Final
1037918,2023-12-15,2023,4,19,107,112,0,Final
1037919,2023-12-15,2023,23,9,124,92,0,Final
1037920,2023-12-15,2023,30,12,137,123,0,Final
1037921,2023-12-15,2023,2,22,128,111,0,Final
1037922,2023-12-15,2023,28,1,104,125,0,Final
1037923,2023-12-15,2023,27,14,129,115,0,Final
1037924,2023-12-15,2023,15,11,96,103,0,Final
1037925,2023-12-15,2023,24,20,122,139,0,Final
1037926,2023-12-16,2023,17,9,146,114,0,Final
1037927,2023-12-16,2023,4,23,82,135,0,Final
1037928,2023-12-16,2023,6,1,127,119,0,Final
1037929,2023-12-16,2023,16,5,118,116,0,Final
1037930,2023-12-16,2023,18,12,127,109,0,Final
1037931,2023-12-16,2023,10,3,124,120,0,Final
1037932,2023-12-16,2023,8,21,117,118,0,Final
1037933,2023-12-16,2023,25,7,120,131,0,Final
1037934,2023-12-16,2023,26,29,125,104,0,Final
1037935,2023-12-16,2023,13,20,144,122,0,Final
1037936,2023-12-17,2023,2,22,114,97,0,Final
1037937,2023-12-17,2023,27,19,110,146,0,Final
1037938,2023-12-17,2023,17,11,128,119,0,Final
1037939,2023-12-17,2023,24,30,112,108,0,Final
1037940,2023-12-17,2023,25,10,114,118,0,Final
1037941,2023-12-18,2023,6,11,135,130,0,Final
1037942,2023-12-18,2023,12,13,127,151,0,Final
1037943,2023-12-18,2023,23,5,104,108,0,Final
1037944,2023-12-18,2023,1,9,130,124,0,Final
1037945,2023-12-18,2023,16,18,108,112,0,Final
1037946,2023-12-18,2023,28,4,114,99,0,Final
1037947,2023-12-18,2023,21,15,116,97,0,Final
1037948,2023-12-18,2023,8,7,130,104,0,Final
1037949,2023-12-18,2023,29,3,125,108,0,Final
1037950,2023-12-18,2023,26,30,143,131,0,Final
1037951,2023-12-18,2023,14,20,109,114,0,Final
1037952,2023-12-19,2023,19,15,113,115,0,Final
1037953,2023-12-19,2023,17,27,132,119,0,Final
1037954,2023-12-19,2023,10,2,132,126,0,Final
1037955,2023-12-19,2023,25,24,109,104,0,Final
1037956,2023-12-20,2023,6,29,124,116,0,Final
1037957,2023-12-20,2023,12,4,144,113,0,Final
1037958,2023-12-20,2023,22,16,106,115,0,Final
1037959,2023-12-20,2023,23,18,127,113,0,Final
1037960,2023-12-20,2023,3,20,102,121,0,Final
1037961,2023-12-20,2023,28,8,104,113,0,Final
1037962,2023-12-20,2023,5,14,124,108,0,Final
1037963,2023-12-20,2023,11,1,127,134,0,Final
1037964,2023-12-20,2023,7,13,111,120,0,Final
1037965,2023-12-20,2023,26,2,119,144,0,Final
1037966,2023-12-21,2023,9,29,111,119,0,Final
1037967,2023-12-21,2023,6,19,104,123,0,Final
1037968,2023-12-21,2023,5,27,114,95,0,Final
1037969,2023-12-21,2023,15,12,116,103,0,Final
1037970,2023-12-21,2023,17,22,118,114,0,Final
1037971,2023-12-21,2023,21,13,134,115,0,Final
1037972,2023-12-21,2023,18,14,118,111,0,Final
1037973,2023-12-21,2023,25,30,117,118,0,Final
1037974,2023-12-22,2023,23,28,121,111,0,Final
1037975,2023-12-22,2023,3,8,117,122,0,Final
1037976,2023-12-22,2023,16,1,122,113,0,Final
1037977,2023-12-22,2023,11,7,122,96,0,Final
1037978,2023-12-22,2023,10,30,129,118,0,Final
1037979,2023-12-22,2023,26,24,120,105,0,Final
1037980,2023-12-23,2023,20,17,111,130,0,Final
1037981,2023-12-23,2023,13,2,108,145,0,Final
1037982,2023-12-23,2023,4,8,95,102,0,Final
1037983,2023-12-23,2023,12,22,110,117,0,Final
1037984,2023-12-23,2023,19,11,104,106,0,Final
1037985,2023-12-23,2023,1,15,119,125,0,Final
1037986,2023-12-23,2023,3,9,126,115,0,Final
1037987,2023-12-23,2023,28,29,119,126,0,Final
1037988,2023-12-23,2023,5,6,95,109,0,Final
1037989,2023-12-23,2023,21,14,120,129,0,Final
1037990,2023-12-23,2023,7,27,144,119,0,Final
1037991,2023-12-23,2023,10,25,126,106,0,Final
1037992,2023-12-23,2023,26,18,98,110,0,Final
1037993,2023-12-25,2023,20,17,129,122,0,Final
1037994,2023-12-25,2023,8,10,120,114,0,Final
1037995,2023-12-25,2023,14,2,115,126,0,Final
1037996,2023-12-25,2023,16,23,119,113,0,Final
1037997,2023-12-25,2023,24,7,114,128,0,Final
1037998,2023-12-26,2023,9,3,112,118,0,Final
1037999,2023-12-26,2023,30,22,119,127,0,Final
1038000,2023-12-26,2023,5,1,118,113,0,Final
1038001,2023-12-26,2023,11,12,117,123,0,Final
1038002,2023-12-26,2023,19,15,115,116,0,Final
1038003,2023-12-26,2023,21,18,129,106,0,Final
1038004,2023-12-26,2023,27,29,118,130,0,Final
1038005,2023-12-26,2023,25,26,130,113,0,Final
1038006,2023-12-26,2023,13,4,113,104,0,Final
1038007,2023-12-27,2023,22,23,92,112,0,Final
1038008,2023-12-27,2023,30,28,102,132,0,Final
1038009,2023-12-27,2023,3,17,122,144,0,Final
1038010,2023-12-27,2023,11,24,113,129,0,Final
1038011,2023-12-27,2023,21,20,129,120,0,Final
1038012,2023-12-27,2023,7,6,110,113,0,Final
1038013,2023-12-28,2023,2,9,128,122,0,Final
1038014,2023-12-28,2023,5,12,104,120,0,Final
1038015,2023-12-28,2023,18,7,118,110,0,Final
1038016,2023-12-28,2023,19,29,112,105,0,Final
1038017,2023-12-28,2023,8,15,142,105,0,Final
1038018,2023-12-28,2023,10,16,102,114,0,Final
1038019,2023-12-28,2023,25,27,105,118,0,Final
1038020,2023-12-28,2023,14,4,133,112,0,Final
1038021,2023-12-29,2023,22,20,117,108,0,Final
1038022,2023-12-29,2023,30,3,110,104,0,Final
1038023,2023-12-29,2023,1,26,110,117,0,Final
1038024,2023-12-29,2023,2,28,120,118,0,Final
1038025,2023-12-29,2023,6,17,111,119,0,Final
1038026,2023-12-29,2023,11,23,127,131,0,Final
1038027,2023-12-29,2023,8,21,93,119,0,Final
1038028,2023-12-29,2023,24,4,133,119,0,Final
1038029,2023-12-29,2023,25,27,134,128,0,Final
1038030,2023-12-29,2023,13,15,117,106,0,Final
1038031,2023-12-30,2023,29,16,117,109,0,Final
1038032,2023-12-30,2023,9,28,129,127,0,Final
1038033,2023-12-30,2023,12,20,140,126,0,Final
1038034,2023-12-30,2023,5,23,105,92,0,Final
1038035,2023-12-30,2023,18,14,108,106,0,Final
1038036,2023-12-30,2023,10,7,122,132,0,Final
1038037,2023-12-31,2023,30,1,126,130,0,Final
1038038,2023-12-31,2023,19,14,129,109,0,Final
1038039,2023-12-31,2023,21,3,124,108,0,Final
1038040,2023-12-31,2023,27,2,101,134,0,Final
1038041,2023-12-31,2023,15,26,92,123,0,Final
1038042,2023-12-31,2023,24,22,112,107,0,Final
1038043,2024-01-01,2023,20,18,112,106,0,Final
1038044,2024-01-01,2023,28,6,124,121,0,Final
1038045,2024-01-01,2023,11,9,136,113,0,Final
1038046,2024-01-01,2023,17,12,113,122,0,Final
1038047,2024-01-01,2023,8,4,111,93,0,Final
1038048,2024-01-01,2023,24,25,109,88,0,Final
1038049,2024-01-01,2023,29,7,127,90,0,Final
1038050,2024-01-01,2023,13,16,121,104,0,Final
1038051,2024-01-02,2023,23,5,110,97,0,Final
1038052,2024-01-02,2023,15,27,106,98,0,Final
1038053,2024-01-02,2023,19,3,112,85,0,Final
1038054,2024-01-02,2023,21,2,127,123,0,Final
1038055,2024-01-02,2023,10,22,121,115,0,Final
1038056,2024-01-02,2023,26,4,104,111,0,Final
1038057,2024-01-03,2023,6,30,140,101,0,Final
1038058,2024-01-03,2023,12,17,142,130,0,Final
1038059,2024-01-03,2023,1,21,141,138,0,Final
1038060,2024-01-03,2023,20,5,116,100,0,Final
1038061,2024-01-03,2023,11,3,112,101,0,Final
1038062,2024-01-03,2023,15,28,111,116,0,Final
1038063,2024-01-03,2023,18,19,106,117,0,Final
1038064,2024-01-03,2023,7,25,126,97,0,Final
1038065,2024-01-03,2023,24,13,122,131,0,Final
1038066,2024-01-03,2023,29,9,154,148,0,Final
1038067,2024-01-03,2023,14,16,96,110,0,Final
1038068,2024-01-03,2023,26,22,138,135,0,Final
1038069,2024-01-04,2023,27,17,121,125,0,Final
1038070,2024-01-04,2023,10,8,127,130,0,Final
1038071,2024-01-05,2023,2,29,126,97,0,Final
1038072,2024-01-05,2023,12,1,150,116,0,Final
1038073,2024-01-05,2023,3,21,124,115,0,Final
1038074,2024-01-05,2023,6,30,114,90,0,Final
1038075,2024-01-05,2023,23,20,92,128,0,Final
1038076,2024-01-05,2023,5,4,104,91,0,Final
1038077,2024-01-05,2023,11,18,95,122,0,Final
1038078,2024-01-05,2023,19,13,95,111,0,Final
1038079,2024-01-05,2023,7,25,139,103,0,Final
1038080,2024-01-05,2023,8,22,120,122,0,Final
1038081,2024-01-05,2023,24,16,113,97,0,Final
1038082,2024-01-05,2023,10,9,113,109,0,Final
1038083,2024-01-05,2023,14,15,113,127,0,Final
1038084,2024-01-05,2023,26,28,135,130,0,Final
1038085,2024-01-06,2023,12,2,101,118,0,Final
1038086,2024-01-06,2023,30,20,105,121,0,Final
1038087,2024-01-06,2023,23,29,109,120,0,Final
1038088,2024-01-06,2023,11,17,112,108,0,Final
1038089,2024-01-07,2023,6,27,117,115,0,Final
1038090,2024-01-07,2023,3,25,127,134,0,Final
1038091,2024-01-07,2023,22,1,117,110,0,Final
1038092,2024-01-07,2023,26,19,100,133,0,Final
1038093,2024-01-07,2023,7,18,115,108,0,Final
1038094,2024-01-07,2023,8,9,131,114,0,Final
1038095,2024-01-07,2023,24,15,115,121,0,Final
1038096,2024-01-07,2023,10,28,118,133,0,Final
1038097,2024-01-07,2023,14,13,106,103,0,Final
1038098,2024-01-08,2023,4,5,112,119,0,Final
1038099,2024-01-08,2023,12,2,133,131,0,Final
1038100,2024-01-08,2023,30,21,128,136,0,Final
1038101,2024-01-08,2023,16,11,120,113,0,Final
1038102,2024-01-08,2023,17,29,116,132,0,Final
1038103,2024-01-08,2023,13,24,138,111,0,Final
1038104,2024-01-09,2023,9,26,110,131,0,Final
1038105,2024-01-09,2023,22,18,92,113,0,Final
1038106,2024-01-09,2023,20,25,112,84,0,Final
1038107,2024-01-09,2023,7,15,103,120,0,Final
1038108,2024-01-09,2023,14,28,132,131,0,Final
1038109,2024-01-10,2023,2,18,127,120,0,Final
1038110,2024-01-10,2023,4,26,98,123,0,Final
1038111,2024-01-10,2023,9,27,108,130,0,Final
1038112,2024-01-10,2023,12,30,112,104,0,Final
1038113,2024-01-10,2023,1,23,139,132,0,Final
1038114,2024-01-10,2023,16,21,120,128,0,Final
1038115,2024-01-10,2023,5,11,124,119,0,Final
1038116,2024-01-10,2023,29,8,124,111,0,Final
1038117,2024-01-10,2023,10,19,105,141,0,Final
1038118,2024-01-10,2023,13,28,126,120,0,Final
1038119,2024-01-11,2023,6,3,111,102,0,Final
1038120,2024-01-11,2023,17,2,135,102,0,Final
1038121,2024-01-11,2023,21,25,139,77,0,Final
1038122,2024-01-11,2023,7,20,128,124,0,Final
1038123,2024-01-11,2023,14,24,109,127,0,Final
1038124,2024-01-12,2023,23,26,112,93,0,Final
1038125,2024-01-12,2023,1,12,108,126,0,Final
1038126,2024-01-12,2023,9,11,110,112,0,Final
1038127,2024-01-12,2023,16,22,99,96,0,Final
1038128,2024-01-12,2023,5,10,131,140,0,Final
1038129,2024-01-12,2023,15,13,119,128,0,Final
1038130,2024-01-12,2023,18,25,116,93,0,Final
1038131,2024-01-12,2023,8,19,125,113,0,Final
1038132,2024-01-12,2023,29,28,145,113,0,Final
1038133,2024-01-12,2023,27,4,135,99,0,Final
1038134,2024-01-13,2023,2,11,145,113,0,Final
1038135,2024-01-13,2023,1,30,99,127,0,Final
1038136,2024-01-13,2023,15,20,94,106,0,Final
1038137,2024-01-13,2023,17,10,129,118,0,Final
1038138,2024-01-13,2023,21,22,112,100,0,Final
1038139,2024-01-13,2023,7,19,108,118,0,Final
1038140,2024-01-13,2023,27,5,116,122,0,Final
1038141,2024-01-13,2023,29,14,132,125,0,Final
1038142,2024-01-14,2023,8,12,117,109,0,Final
1038143,2024-01-14,2023,16,4,104,87,0,Final
1038144,2024-01-14,2023,17,26,143,142,0,Final
1038145,2024-01-14,2023,18,13,109,105,0,Final
1038146,2024-01-14,2023,25,24,116,127,0,Final
1038147,2024-01-15,2023,23,11,124,115,0,Final
1038148,2024-01-15,2023,7,19,125,120,0,Final
1038149,2024-01-15,2023,20,22,94,98,0,Final
1038150,2024-01-15,2023,30,9,117,129,0,Final
1038151,2024-01-15,2023,1,27,109,99,0,Final
1038152,2024-01-15,2023,15,10,116,107,0,Final
1038153,2024-01-15,2023,6,5,109,91,0,Final
1038154,2024-01-15,2023,3,16,95,96,0,Final
1038155,2024-01-15,2023,28,2,96,105,0,Final
1038156,2024-01-15,2023,29,12,132,105,0,Final
1038157,2024-01-15,2023,14,21,112,105,0,Final
1038158,2024-01-16,2023,23,8,126,121,0,Final
1038159,2024-01-16,2023,24,26,119,117,0,Final
1038160,2024-01-16,2023,13,21,128,117,0,Final
1038161,2024-01-17,2023,9,18,117,124,0,Final
1038162,2024-01-17,2023,1,22,106,104,0,Final
1038163,2024-01-17,2023,2,27,117,98,0,Final
1038164,2024-01-17,2023,6,17,135,95,0,Final
1038165,2024-01-17,2023,20,11,109,94,0,Final
1038166,2024-01-17,2023,28,16,121,97,0,Final
1038167,2024-01-17,2023,19,4,132,112,0,Final
1038169,2024-01-17,2023,14,7,127,110,0,Final
1038170,2024-01-17,2023,25,3,105,103,0,Final
1038171,2024-01-18,2023,20,30,113,109,0,Final
1038172,2024-01-18,2023,28,5,110,116,0,Final
1038173,2024-01-18,2023,29,21,129,134,0,Final
1038174,2024-01-18,2023,18,15,118,103,0,Final
1038175,2024-01-18,2023,26,12,121,126,0,Final
1038176,2024-01-19,2023,4,27,124,120,0,Final
1038177,2024-01-19,2023,22,23,109,124,0,Final
1038178,2024-01-19,2023,2,8,100,102,0,Final
1038179,2024-01-19,2023,16,1,108,109,0,Final
1038180,2024-01-19,2023,19,24,109,123,0,Final
1038182,2024-01-19,2023,25,12,118,115,0,Final
1038183,2024-01-19,2023,14,3,112,130,0,Final
1038184,2024-01-20,2023,9,17,135,141,0,Final
1038185,2024-01-20,2023,4,23,89,97,0,Final
1038186,2024-01-20,2023,30,27,127,131,0,Final
1038187,2024-01-20,2023,1,6,95,116,0,Final
1038188,2024-01-20,2023,20,28,126,100,0,Final
1038189,2024-01-20,2023,5,15,125,96,0,Final
1038190,2024-01-20,2023,11,29,127,126,0,Final
1038191,2024-01-20,2023,18,21,97,102,0,Final
1038192,2024-01-21,2023,13,3,125,114,0,Final
1038193,2024-01-21,2023,22,16,105,87,0,Final
1038194,2024-01-21,2023,30,8,104,113,0,Final
1038195,2024-01-21,2023,11,2,107,116,0,Final
1038196,2024-01-21,2023,24,12,117,110,0,Final
1038197,2024-01-21,2023,14,25,134,110,0,Final
1038198,2024-01-22,2023,9,17,113,122,0,Final
1038199,2024-01-22,2023,22,6,99,126,0,Final
1038200,2024-01-22,2023,23,27,133,123,0,Final
1038201,2024-01-22,2023,28,15,100,108,0,Final
1038202,2024-01-22,2023,18,4,125,128,0,Final
1038203,2024-01-22,2023,7,2,110,119,0,Final
1038204,2024-01-22,2023,24,5,115,113,0,Final
1038205,2024-01-22,2023,26,1,122,107,0,Final
1038206,2024-01-23,2023,12,8,109,114,0,Final
1038207,2024-01-23,2023,3,20,103,108,0,Final
1038208,2024-01-23,2023,19,29,153,124,0,Final
1038209,2024-01-23,2023,21,25,111,109,0,Final
1038210,2024-01-23,2023,13,14,127,116,0,Final
1038211,2024-01-24,2023,9,4,113,106,0,Final
1038212,2024-01-24,2023,30,18,107,118,0,Final
1038213,2024-01-24,2023,16,15,96,105,0,Final
1038214,2024-01-24,2023,27,21,114,140,0,Final
1038215,2024-01-24,2023,11,25,131,137,0,Final
1038216,2024-01-24,2023,17,6,126,116,0,Final
1038217,2024-01-24,2023,7,24,109,132,0,Final
1038218,2024-01-24,2023,10,1,134,112,0,Final
1038219,2024-01-25,2023,12,23,134,122,0,Final
1038220,2024-01-25,2023,30,29,108,123,0,Final
1038221,2024-01-25,2023,3,18,94,96,0,Final
1038222,2024-01-25,2023,16,2,110,143,0,Final
1038223,2024-01-25,2023,20,8,122,84,0,Final
1038224,2024-01-25,2023,10,26,133,134,0,Final
1038225,2024-01-25,2023,14,5,141,132,0,Final
1038226,2024-01-26,2023,1,7,143,148,0,Final
1038227,2024-01-26,2023,4,11,104,138,0,Final
1038228,2024-01-26,2023,12,24,133,131,0,Final
1038229,2024-01-26,2023,28,13,107,127,0,Final
1038230,2024-01-26,2023,15,22,107,106,0,Final
1038231,2024-01-26,2023,17,6,100,112,0,Final
1038232,2024-01-26,2023,19,21,83,107,0,Final
1038233,2024-01-26,2023,27,25,116,100,0,Final
1038234,2024-01-27,2023,9,30,104,118,0,Final
1038235,2024-01-27,2023,20,16,125,109,0,Final
1038236,2024-01-27,2023,8,23,111,105,0,Final
1038237,2024-01-27,2023,3,11,106,104,0,Final
1038238,2024-01-27,2023,2,13,96,115,0,Final
1038239,2024-01-27,2023,4,29,122,134,0,Final
1038240,2024-01-27,2023,17,19,141,117,0,Final
1038241,2024-01-27,2023,27,18,113,112,0,Final
1038242,2024-01-27,2023,10,14,144,145,0,Final
1038243,2024-01-27,2023,7,26,115,120,0,Final
1038244,2024-01-28,2023,12,15,116,110,0,Final
1038245,2024-01-28,2023,1,28,126,125,0,Final
1038246,2024-01-28,2023,9,21,120,104,0,Final
1038247,2024-01-28,2023,22,24,113,98,0,Final
1038248,2024-01-28,2023,25,5,96,104,0,Final
1038249,2024-01-29,2023,4,20,92,113,0,Final
1038250,2024-01-29,2023,6,13,118,108,0,Final
1038251,2024-01-29,2023,2,19,118,112,0,Final
1038252,2024-01-29,2023,3,29,147,114,0,Final
1038253,2024-01-29,2023,16,24,105,118,0,Final
1038254,2024-01-29,2023,11,14,135,119,0,Final
1038255,2024-01-29,2023,15,26,94,103,0,Final
1038256,2024-01-29,2023,21,18,101,107,0,Final
1038257,2024-01-29,2023,27,30,113,118,0,Final
1038258,2024-01-29,2023,7,22,131,129,0,Final
1038259,2024-01-29,2023,8,17,113,107,0,Final
1038260,2024-01-29,2023,25,23,130,104,0,Final
1038261,2024-01-30,2023,1,14,138,122,0,Final
1038262,2024-01-30,2023,2,12,129,124,0,Final
1038263,2024-01-30,2023,20,29,118,103,0,Final
1038264,2024-01-30,2023,5,28,107,118,0,Final
1038265,2024-01-30,2023,10,23,119,107,0,Final
1038266,2024-01-31,2023,4,5,110,117,0,Final
1038267,2024-01-31,2023,6,9,128,121,0,Final
1038268,2024-01-31,2023,30,13,109,125,0,Final
1038269,2024-01-31,2023,3,24,120,136,0,Final
1038270,2024-01-31,2023,16,26,115,106,0,Final
1038271,2024-01-31,2023,11,19,99,110,0,Final
1038272,2024-01-31,2023,18,7,121,87,0,Final
1038273,2024-01-31,2023,27,22,98,108,0,Final
1038274,2024-01-31,2023,21,8,105,100,0,Final
1038275,2024-01-31,2023,25,17,119,116,0,Final
1038276,2024-02-01,2023,2,14,105,114,0,Final
1038277,2024-02-01,2023,20,12,109,105,0,Final
1038278,2024-02-01,2023,29,23,124,127,0,Final
1038279,2024-02-01,2023,15,6,101,108,0,Final
1038280,2024-02-02,2023,9,13,125,136,0,Final
1038281,2024-02-02,2023,30,16,102,110,0,Final
1038282,2024-02-02,2023,1,24,129,120,0,Final
1038283,2024-02-02,2023,12,26,122,133,0,Final
1038284,2024-02-02,2023,11,28,135,106,0,Final
1038285,2024-02-02,2023,15,10,101,121,0,Final
1038286,2024-02-02,2023,18,22,106,108,0,Final
1038287,2024-02-02,2023,21,4,126,106,0,Final
1038288,2024-02-02,2023,27,19,113,114,0,Final
1038289,2024-02-02,2023,8,25,120,108,0,Final
1038290,2024-02-03,2023,23,3,121,136,0,Final
1038291,2024-02-03,2023,1,10,141,134,0,Final
1038292,2024-02-03,2023,5,26,115,123,0,Final
1038293,2024-02-03,2023,20,14,105,113,0,Final
1038294,2024-02-03,2023,7,17,117,129,0,Final
1038295,2024-02-03,2023,27,6,101,117,0,Final
1038296,2024-02-04,2023,9,22,99,111,0,Final
1038297,2024-02-04,2023,30,24,112,140,0,Final
1038298,2024-02-04,2023,2,15,131,91,0,Final
1038299,2024-02-04,2023,4,12,99,115,0,Final
1038300,2024-02-04,2023,16,13,95,103,0,Final
1038301,2024-02-04,2023,18,11,111,90,0,Final
1038302,2024-02-04,2023,21,28,135,127,0,Final
1038303,2024-02-04,2023,29,17,123,108,0,Final
1038304,2024-02-04,2023,8,25,112,103,0,Final
1038305,2024-02-05,2023,4,14,118,124,0,Final
1038306,2024-02-05,2023,6,26,136,110,0,Final
1038307,2024-02-05,2023,23,7,102,118,0,Final
1038308,2024-02-05,2023,1,13,144,149,0,Final
1038309,2024-02-05,2023,3,10,98,109,0,Final
1038310,2024-02-05,2023,19,28,138,100,0,Final
1038311,2024-02-06,2023,12,11,132,129,0,Final
1038312,2024-02-06,2023,3,7,107,119,0,Final
1038313,2024-02-06,2023,16,22,121,95,0,Final
1038314,2024-02-06,2023,20,15,123,113,0,Final
1038315,2024-02-06,2023,5,18,129,123,0,Final
1038316,2024-02-06,2023,29,21,124,117,0,Final
1038317,2024-02-06,2023,24,17,114,106,0,Final
1038318,2024-02-07,2023,4,28,117,123,0,Final
1038319,2024-02-07,2023,23,10,104,127,0,Final
1038320,2024-02-07,2023,30,6,106,114,0,Final
1038321,2024-02-07,2023,2,1,125,117,0,Final
1038322,2024-02-07,2023,16,27,116,104,0,Final
1038323,2024-02-07,2023,13,19,106,117,0,Final
1038324,2024-02-07,2023,26,9,120,133,0,Final
1038325,2024-02-08,2023,12,10,109,131,0,Final
1038326,2024-02-08,2023,22,27,127,111,0,Final
1038327,2024-02-08,2023,3,6,95,118,0,Final
1038328,2024-02-08,2023,20,7,108,122,0,Final
1038329,2024-02-08,2023,15,5,110,118,0,Final
1038330,2024-02-08,2023,17,18,105,129,0,Final
1038331,2024-02-08,2023,24,29,129,115,0,Final
1038332,2024-02-08,2023,14,8,106,114,0,Final
1038333,2024-02-08,2023,25,9,122,128,0,Final
1038334,2024-02-09,2023,23,1,121,127,0,Final
1038335,2024-02-09,2023,2,30,133,129,0,Final
1038336,2024-02-09,2023,28,11,107,104,0,Final
1038337,2024-02-09,2023,17,4,120,84,0,Final
1038338,2024-02-09,2023,26,8,135,106,0,Final
1038339,2024-02-09,2023,14,19,139,122,0,Final
1038340,2024-02-10,2023,7,21,146,111,0,Final
1038341,2024-02-10,2023,13,9,112,106,0,Final
1038342,2024-02-10,2023,3,27,123,103,0,Final
1038343,2024-02-10,2023,4,15,115,106,0,Final
1038344,2024-02-10,2023,22,5,114,108,0,Final
1038345,2024-02-10,2023,30,23,113,119,0,Final
1038346,2024-02-10,2023,1,11,122,113,0,Final
1038347,2024-02-10,2023,20,12,111,125,0,Final
1038348,2024-02-10,2023,28,6,95,119,0,Final
1038349,2024-02-10,2023,10,24,113,112,0,Final
1038350,2024-02-10,2023,25,19,84,93,0,Final
1038351,2024-02-11,2023,16,2,106,110,0,Final
1038352,2024-02-11,2023,21,26,127,113,0,Final
1038353,2024-02-12,2023,4,12,111,102,0,Final
1038354,2024-02-12,2023,6,23,121,123,0,Final
1038355,2024-02-12,2023,1,5,126,136,0,Final
1038356,2024-02-12,2023,28,27,99,122,0,Final
1038357,2024-02-12,2023,11,20,105,103,0,Final
1038358,2024-02-12,2023,15,19,87,96,0,Final
1038359,2024-02-12,2023,17,8,112,95,0,Final
1038360,2024-02-12,2023,7,30,112,104,0,Final
1038361,2024-02-12,2023,29,10,107,129,0,Final
1038362,2024-02-12,2023,13,18,100,121,0,Final
1038363,2024-02-13,2023,3,2,110,118,0,Final
1038364,2024-02-13,2023,22,21,113,127,0,Final
1038365,2024-02-13,2023,17,16,97,123,0,Final
1038366,2024-02-13,2023,24,26,130,125,0,Final
1038367,2024-02-13,2023,25,18,109,121,0,Final
1038368,2024-02-13,2023,14,9,125,111,0,Final
1038369,2024-02-14,2023,4,1,122,99,0,Final
1038370,2024-02-14,2023,22,20,118,100,0,Final
1038371,2024-02-14,2023,23,16,104,109,0,Final
1038372,2024-02-14,2023,2,3,136,86,0,Final
1038373,2024-02-14,2023,6,5,108,105,0,Final
1038374,2024-02-14,2023,28,12,125,127,0,Final
1038375,2024-02-14,2023,15,11,121,113,0,Final
1038376,2024-02-14,2023,19,30,133,126,0,Final
1038377,2024-02-14,2023,7,27,116,93,0,Final
1038378,2024-02-14,2023,8,26,98,102,0,Final
1038379,2024-02-14,2023,24,9,116,100,0,Final
1038380,2024-02-14,2023,29,14,122,138,0,Final
1038381,2024-02-14,2023,10,13,125,130,0,Final
1038168,2024-02-15,2023,29,10,137,140,0,Final
1038382,2024-02-15,2023,15,17,113,110,0,Final
1038383,2024-02-15,2023,25,18,91,128,0,Final
1038384,2024-02-22,2023,6,22,109,116,0,Final
1038385,2024-02-22,2023,12,9,129,115,0,Final
1038386,2024-02-22,2023,23,20,96,110,0,Final
1038387,2024-02-22,2023,28,3,121,93,0,Final
1038388,2024-02-22,2023,7,24,123,113,0,Final
1038389,2024-02-22,2023,5,2,112,129,0,Final
1038390,2024-02-22,2023,19,11,127,105,0,Final
1038391,2024-02-22,2023,21,13,129,107,0,Final
1038392,2024-02-22,2023,8,30,130,110,0,Final
1038393,2024-02-22,2023,29,4,107,115,0,Final
1038394,2024-02-22,2023,10,14,128,110,0,Final
1038395,2024-02-22,2023,26,27,127,122,0,Final
1038396,2024-02-23,2023,1,28,121,123,0,Final
1038397,2024-02-23,2023,23,6,104,97,0,Final
1038398,2024-02-23,2023,11,24,114,110,0,Final
1038399,2024-02-23,2023,15,13,95,101,0,Final
1038400,2024-02-23,2023,18,17,107,112,0,Final
1038401,2024-02-23,2023,21,30,147,106,0,Final
1038402,2024-02-23,2023,19,16,95,106,0,Final
1038403,2024-02-23,2023,10,4,97,84,0,Final
1038404,2024-02-23,2023,25,8,112,127,0,Final
1038405,2024-02-23,2023,14,27,123,118,0,Final
1038406,2024-02-24,2023,9,22,109,112,0,Final
1038407,2024-02-24,2023,18,3,101,86,0,Final
1038408,2024-02-24,2023,20,2,102,116,0,Final
1038409,2024-02-25,2023,23,17,98,119,0,Final
1038410,2024-02-25,2023,24,14,123,113,0,Final
1038411,2024-02-25,2023,12,7,133,111,0,Final
1038412,2024-02-25,2023,30,6,105,114,0,Final
1038413,2024-02-25,2023,1,22,109,92,0,Final
1038414,2024-02-25,2023,11,21,110,123,0,Final
1038415,2024-02-25,2023,19,5,106,114,0,Final
1038416,2024-02-25,2023,10,8,103,119,0,Final
1038417,2024-02-25,2023,29,27,128,109,0,Final
1038418,2024-02-25,2023,25,4,80,93,0,Final
1038419,2024-02-25,2023,13,26,107,123,0,Final
1038420,2024-02-26,2023,20,9,113,111,0,Final
1038421,2024-02-26,2023,12,28,122,130,0,Final
1038422,2024-02-26,2023,15,3,86,111,0,Final
1038423,2024-02-26,2023,26,16,110,121,0,Final
1038424,2024-02-27,2023,6,7,121,119,0,Final
1038425,2024-02-27,2023,22,3,108,81,0,Final
1038426,2024-02-27,2023,30,10,112,123,0,Final
1038427,2024-02-27,2023,1,29,124,97,0,Final
1038428,2024-02-27,2023,2,23,117,99,0,Final
1038429,2024-02-27,2023,20,19,92,115,0,Final
1038430,2024-02-27,2023,18,27,114,105,0,Final
1038431,2024-02-27,2023,5,9,95,105,0,Final
1038432,2024-02-27,2023,17,4,123,85,0,Final
1038433,2024-02-27,2023,21,11,112,95,0,Final
1038434,2024-02-27,2023,25,16,96,106,0,Final
1038435,2024-02-28,2023,12,19,123,114,0,Final
1038436,2024-02-28,2023,28,7,125,136,0,Final
1038437,2024-02-28,2023,18,15,110,101,0,Final
1038438,2024-02-28,2023,5,6,132,123,0,Final
1038439,2024-02-28,2023,8,26,117,96,0,Final
1038440,2024-02-28,2023,13,14,112,116,0,Final
1038449,2024-03-01,2023,9,6,100,110,0,Final
1038450,2024-03-01,2023,23,4,121,114,0,Final
1038451,2024-03-01,2023,2,7,138,110,0,Final
1038452,2024-03-01,2023,28,10,105,120,0,Final
1038453,2024-03-01,2023,15,25,92,122,0,Final
1038454,2024-03-01,2023,18,26,120,124,0,Final
1038455,2024-03-01,2023,19,12,129,102,0,Final
1038456,2024-03-01,2023,5,17,97,113,0,Final
1038457,2024-03-01,2023,13,30,140,115,0,Final
1038458,2024-03-02,2023,3,1,114,102,0,Final
1038459,2024-03-02,2023,16,29,126,120,0,Final
1038460,2024-03-02,2023,15,25,100,107,0,Final
1038461,2024-03-02,2023,14,8,114,124,0,Final
1038462,2024-03-02,2023,24,11,109,118,0,Final
1038463,2024-03-03,2023,7,23,116,120,0,Final
1038464,2024-03-03,2023,2,10,140,88,0,Final
1038465,2024-03-03,2023,18,13,88,89,0,Final
1038466,2024-03-03,2023,22,9,113,91,0,Final
1038467,2024-03-03,2023,28,4,111,106,0,Final
1038468,2024-03-03,2023,6,20,98,107,0,Final
1038469,2024-03-03,2023,27,12,117,105,0,Final
1038470,2024-03-03,2023,24,21,110,118,0,Final
1038471,2024-03-04,2023,3,15,102,106,0,Final
1038472,2024-03-04,2023,17,13,113,106,0,Final
1038473,2024-03-04,2023,18,25,119,114,0,Final
1038474,2024-03-04,2023,29,30,127,115,0,Final
1038475,2024-03-04,2023,26,5,109,113,0,Final
1038476,2024-03-04,2023,14,21,116,104,0,Final
1038477,2024-03-05,2023,4,22,89,101,0,Final
1038478,2024-03-05,2023,6,2,105,104,0,Final
1038479,2024-03-05,2023,3,23,112,107,0,Final
1038480,2024-03-05,2023,16,9,118,110,0,Final
1038481,2024-03-05,2023,20,1,100,116,0,Final
1038482,2024-03-05,2023,28,19,98,139,0,Final
1038483,2024-03-05,2023,11,27,114,101,0,Final
1038484,2024-03-05,2023,7,12,120,137,0,Final
1038485,2024-03-05,2023,8,24,107,117,0,Final
1038486,2024-03-06,2023,30,22,109,119,0,Final
1038487,2024-03-06,2023,1,6,112,101,0,Final
1038488,2024-03-06,2023,23,15,109,115,0,Final
1038489,2024-03-06,2023,11,13,116,122,0,Final
1038490,2024-03-06,2023,29,5,117,119,0,Final
1038491,2024-03-06,2023,10,17,125,90,0,Final
1038492,2024-03-06,2023,25,21,120,128,0,Final
1038493,2024-03-06,2023,14,26,120,130,0,Final
1038494,2024-03-07,2023,9,3,118,112,0,Final
1038495,2024-03-07,2023,12,18,111,113,0,Final
1038496,2024-03-07,2023,7,16,114,108,0,Final
1038497,2024-03-07,2023,24,28,120,113,0,Final
1038498,2024-03-07,2023,8,2,115,109,0,Final
1038499,2024-03-07,2023,10,5,122,125,0,Final
1038500,2024-03-07,2023,26,27,131,129,0,Final
1038501,2024-03-08,2023,23,19,95,103,0,Final
1038502,2024-03-08,2023,30,4,112,100,0,Final
1038503,2024-03-08,2023,6,18,113,104,0,Final
1038504,2024-03-08,2023,20,22,98,74,0,Final
1038505,2024-03-08,2023,15,1,92,99,0,Final
1038506,2024-03-08,2023,21,16,107,100,0,Final
1038507,2024-03-08,2023,14,17,123,122,0,Final
1038508,2024-03-08,2023,25,11,107,123,0,Final
1038509,2024-03-09,2023,13,5,112,102,0,Final
1038510,2024-03-09,2023,4,3,110,99,0,Final
1038511,2024-03-09,2023,9,7,124,142,0,Final
1038512,2024-03-09,2023,24,2,107,117,0,Final
1038513,2024-03-09,2023,10,27,113,126,0,Final
1038514,2024-03-09,2023,8,29,142,121,0,Final
1038515,2024-03-09,2023,25,28,128,118,0,Final
1038516,2024-03-10,2023,13,17,117,124,0,Final
1038517,2024-03-10,2023,1,19,103,116,0,Final
1038518,2024-03-10,2023,16,30,108,110,0,Final
1038519,2024-03-10,2023,20,23,73,79,0,Final
1038520,2024-03-10,2023,22,12,97,111,0,Final
1038521,2024-03-10,2023,26,11,104,112,0,Final
1038522,2024-03-10,2023,6,3,101,120,0,Final
1038523,2024-03-10,2023,21,15,124,93,0,Final
1038524,2024-03-10,2023,14,18,120,109,0,Final
1038525,2024-03-11,2023,9,4,114,97,0,Final
1038526,2024-03-11,2023,6,24,111,117,0,Final
1038527,2024-03-11,2023,5,7,92,127,0,Final
1038528,2024-03-11,2023,27,10,102,112,0,Final
1038529,2024-03-11,2023,8,28,125,119,0,Final
1038530,2024-03-11,2023,25,2,99,121,0,Final
1038531,2024-03-12,2023,20,23,106,79,0,Final
1038532,2024-03-12,2023,15,30,109,97,0,Final
1038533,2024-03-12,2023,21,12,111,121,0,Final
1038534,2024-03-12,2023,27,11,101,103,0,Final
1038535,2024-03-12,2023,29,2,107,123,0,Final
1038536,2024-03-12,2023,13,18,100,118,0,Final
1038537,2024-03-12,2023,26,17,129,94,0,Final
1038538,2024-03-13,2023,9,28,113,104,0,Final
1038539,2024-03-13,2023,22,3,114,106,0,Final
1038540,2024-03-13,2023,12,5,129,132,0,Final
1038541,2024-03-13,2023,16,8,88,100,0,Final
1038542,2024-03-13,2023,15,4,98,110,0,Final
1038543,2024-03-13,2023,19,6,95,116,0,Final
1038544,2024-03-13,2023,7,10,109,99,0,Final
1038545,2024-03-13,2023,25,1,106,102,0,Final
1038546,2024-03-13,2023,26,14,120,107,0,Final
1038547,2024-03-14,2023,2,24,127,112,0,Final
1038548,2024-03-14,2023,5,13,111,126,0,Final
1038549,2024-03-14,2023,11,30,135,119,0,Final
1038550,2024-03-14,2023,17,23,114,105,0,Final
1038551,2024-03-14,2023,21,7,126,119,0,Final
1038552,2024-03-14,2023,25,20,93,105,0,Final
1038553,2024-03-15,2023,4,24,96,107,0,Final
1038554,2024-03-15,2023,9,16,95,108,0,Final
1038555,2024-03-15,2023,28,22,103,113,0,Final
1038556,2024-03-15,2023,19,13,112,104,0,Final
1038557,2024-03-15,2023,27,8,106,117,0,Final
1038558,2024-03-15,2023,29,1,124,122,0,Final
1038559,2024-03-16,2023,11,6,117,103,0,Final
1038560,2024-03-16,2023,12,3,121,100,0,Final
1038561,2024-03-16,2023,23,4,109,98,0,Final
1038562,2024-03-16,2023,19,25,126,107,0,Final
1038563,2024-03-16,2023,5,30,127,98,0,Final
1038564,2024-03-16,2023,15,21,112,118,0,Final
1038565,2024-03-16,2023,14,10,121,128,0,Final
1038566,2024-03-16,2023,29,18,100,119,0,Final
1038567,2024-03-16,2023,26,20,91,98,0,Final
1038568,2024-03-17,2023,17,24,140,129,0,Final
1038569,2024-03-17,2023,9,16,101,104,0,Final
1038570,2024-03-17,2023,7,8,107,105,0,Final
1038571,2024-03-17,2023,22,28,111,96,0,Final
1038572,2024-03-17,2023,30,2,104,130,0,Final
1038573,2024-03-17,2023,27,3,122,115,0,Final
1038574,2024-03-17,2023,13,1,93,110,0,Final
1038575,2024-03-18,2023,12,6,103,108,0,Final
1038576,2024-03-18,2023,2,9,119,94,0,Final
1038577,2024-03-18,2023,23,16,98,91,0,Final
1038578,2024-03-18,2023,5,25,110,107,0,Final
1038579,2024-03-18,2023,29,18,104,114,0,Final
1038580,2024-03-18,2023,10,20,112,119,0,Final
1038581,2024-03-18,2023,26,15,121,111,0,Final
1038582,2024-03-18,2023,14,1,136,105,0,Final
1038583,2024-03-19,2023,22,4,112,92,0,Final
1038584,2024-03-19,2023,30,11,114,137,0,Final
1038585,2024-03-19,2023,3,19,91,104,0,Final
1038586,2024-03-19,2023,27,7,107,113,0,Final
1038587,2024-03-19,2023,18,8,112,115,0,Final
1038588,2024-03-20,2023,6,16,104,107,0,Final
1038589,2024-03-20,2023,9,12,103,122,0,Final
1038590,2024-03-20,2023,2,17,122,119,0,Final
1038591,2024-03-20,2023,28,26,89,123,0,Final
1038592,2024-03-20,2023,21,29,119,107,0,Final
1038593,2024-03-20,2023,10,15,137,116,0,Final
1038594,2024-03-20,2023,24,23,115,102,0,Final
1038595,2024-03-20,2023,25,13,103,116,0,Final
1038596,2024-03-21,2023,22,19,121,106,0,Final
1038597,2024-03-21,2023,30,26,109,102,0,Final
1038598,2024-03-21,2023,11,5,127,117,0,Final
1038599,2024-03-21,2023,17,3,115,108,0,Final
1038600,2024-03-21,2023,7,29,113,97,0,Final
1038601,2024-03-21,2023,8,20,113,100,0,Final
1038602,2024-03-21,2023,24,1,128,115,0,Final
1038603,2024-03-22,2023,9,2,102,129,0,Final
1038604,2024-03-22,2023,28,21,103,123,0,Final
1038605,2024-03-22,2023,16,19,88,111,0,Final
1038606,2024-03-22,2023,18,6,104,91,0,Final
1038607,2024-03-22,2023,27,15,97,99,0,Final
1038608,2024-03-22,2023,10,12,111,123,0,Final
1038609,2024-03-22,2023,25,13,117,125,0,Final
1038610,2024-03-22,2023,14,23,101,94,0,Final
1038611,2024-03-23,2023,20,3,105,93,0,Final
1038612,2024-03-23,2023,22,26,107,109,0,Final
1038613,2024-03-23,2023,1,4,132,91,0,Final
1038614,2024-03-23,2023,30,28,112,109,0,Final
1038615,2024-03-23,2023,5,2,113,124,0,Final
1038616,2024-03-23,2023,11,29,147,119,0,Final
1038617,2024-03-23,2023,27,24,106,131,0,Final
1038618,2024-03-23,2023,25,8,111,114,0,Final
1038619,2024-03-24,2023,9,19,101,114,0,Final
1038620,2024-03-24,2023,13,23,107,121,0,Final
1038621,2024-03-24,2023,16,6,121,84,0,Final
1038622,2024-03-24,2023,17,21,118,93,0,Final
1038623,2024-03-24,2023,18,10,114,110,0,Final
1038624,2024-03-24,2023,14,12,150,145,0,Final
1038625,2024-03-25,2023,6,4,115,92,0,Final
1038626,2024-03-25,2023,1,2,120,118,0,Final
1038627,2024-03-25,2023,20,9,124,99,0,Final
1038628,2024-03-25,2023,28,3,88,96,0,Final
1038629,2024-03-25,2023,5,30,105,107,0,Final
1038630,2024-03-25,2023,11,25,110,92,0,Final
1038631,2024-03-25,2023,27,24,104,102,0,Final
1038632,2024-03-25,2023,8,15,128,103,0,Final
1038633,2024-03-25,2023,29,7,105,115,0,Final
1038634,2024-03-25,2023,26,23,108,96,0,Final
1038635,2024-03-25,2023,13,12,116,133,0,Final
1038636,2024-03-26,2023,16,10,92,113,0,Final
1038637,2024-03-26,2023,17,14,124,128,0,Final
1038638,2024-03-26,2023,19,21,112,119,0,Final
1038639,2024-03-26,2023,26,7,96,132,0,Final
1038640,2024-03-27,2023,4,6,118,111,0,Final
1038641,2024-03-27,2023,22,10,93,101,0,Final
1038642,2024-03-27,2023,30,3,119,122,0,Final
1038643,2024-03-27,2023,1,25,120,106,0,Final
1038644,2024-03-27,2023,23,13,107,108,0,Final
1038645,2024-03-27,2023,28,20,101,145,0,Final
1038646,2024-03-27,2023,5,12,125,99,0,Final
1038647,2024-03-27,2023,15,14,124,136,0,Final
1038648,2024-03-27,2023,18,9,106,91,0,Final
1038649,2024-03-27,2023,21,11,126,132,0,Final
1038650,2024-03-27,2023,29,27,111,118,0,Final
1038651,2024-03-27,2023,8,24,97,104,0,Final
1038652,2024-03-28,2023,1,2,123,122,0,Final
1038653,2024-03-28,2023,19,17,107,100,0,Final
1038654,2024-03-29,2023,4,10,97,115,0,Final
1038655,2024-03-29,2023,12,14,109,90,0,Final
1038656,2024-03-29,2023,22,13,97,100,0,Final
1038657,2024-03-29,2023,30,9,87,96,0,Final
1038658,2024-03-29,2023,3,5,125,108,0,Final
1038659,2024-03-29,2023,6,23,117,114,0,Final
1038660,2024-03-29,2023,16,25,142,82,0,Final
1038661,2024-03-29,2023,21,24,128,103,0,Final
1038662,2024-03-29,2023,27,20,130,126,0,Final
1038663,2024-03-29,2023,8,18,98,111,0,Final
1038664,2024-03-29,2023,29,11,100,101,0,Final
1038665,2024-03-29,2023,26,7,103,107,0,Final
1038666,2024-03-30,2023,19,2,92,104,0,Final
1038667,2024-03-30,2023,22,15,118,88,0,Final
1038668,2024-03-30,2023,1,17,113,122,0,Final
1038669,2024-03-31,2023,8,6,130,101,0,Final
1038670,2024-03-31,2023,3,14,104,116,0,Final
1038671,2024-03-31,2023,4,13,118,130,0,Final
1038672,2024-03-31,2023,28,23,120,135,0,Final
1038673,2024-03-31,2023,30,16,107,119,0,Final
1038674,2024-03-31,2023,20,21,112,113,0,Final
1038675,2024-03-31,2023,11,7,107,125,0,Final
1038676,2024-03-31,2023,18,5,101,109,0,Final
1038677,2024-03-31,2023,27,10,113,117,0,Final
1038678,2024-03-31,2023,26,29,127,106,0,Final
1038679,2024-04-01,2023,4,2,104,118,0,Final
1038680,2024-04-01,2023,9,15,108,110,0,Final
1038681,2024-04-01,2023,12,3,133,111,0,Final
1038682,2024-04-01,2023,22,25,104,103,0,Final
1038683,2024-04-01,2023,5,1,101,113,0,Final
1038684,2024-04-01,2023,19,24,111,124,0,Final
1038181,2024-04-02,2023,10,7,104,100,0,Final
1038685,2024-04-02,2023,23,21,109,105,0,Final
1038686,2024-04-02,2023,28,14,111,128,0,Final
1038687,2024-04-02,2023,30,17,117,113,0,Final
1038688,2024-04-02,2023,16,20,109,99,0,Final
1038690,2024-04-02,2023,18,11,113,106,0,Final
1038691,2024-04-02,2023,8,27,110,105,0,Final
1038692,2024-04-02,2023,29,6,113,129,0,Final
1038693,2024-04-02,2023,26,13,109,95,0,Final
1038694,2024-04-03,2023,4,25,86,89,0,Final
1038695,2024-04-03,2023,30,14,120,125,0,Final
1038696,2024-04-03,2023,1,9,0,0,0,Final
1038697,2024-04-03,2023,2,21,135,100,0,Final
1038698,2024-04-03,2023,3,12,115,111,0,Final
1038699,2024-04-03,2023,17,15,101,111,0,Final
1038700,2024-04-03,2023,18,28,133,85,0,Final
1038701,2024-04-03,2023,19,22,108,117,0,Final
1038702,2024-04-03,2023,24,6,122,101,0,Final
1038703,2024-04-04,2023,16,23,105,109,0,Final
1038704,2024-04-04,2023,20,26,120,109,0,Final
1038705,2024-04-04,2023,11,10,110,133,0,Final
1038706,2024-04-04,2023,13,8,102,100,0,Final
1038716,2024-04-04,2023,7,1,109,95,0,Final
1038689,2024-04-05,2023,7,10,108,106,0,Final
1038707,2024-04-05,2023,4,22,124,115,0,Final
1038708,2024-04-05,2023,12,21,126,112,0,Final
1038709,2024-04-05,2023,30,25,102,108,0,Final
1038710,2024-04-05,2023,2,26,101,100,0,Final
1038711,2024-04-05,2023,5,20,108,100,0,Final
1038712,2024-04-05,2023,11,16,104,119,0,Final
1038713,2024-04-05,2023,15,9,108,90,0,Final
1038714,2024-04-05,2023,17,28,111,117,0,Final
1038715,2024-04-05,2023,19,27,109,111,0,Final
1038717,2024-04-05,2023,24,18,97,87,0,Final
1038718,2024-04-05,2023,13,29,131,102,0,Final
1038719,2024-04-06,2023,14,6,116,97,0,Final
1038720,2024-04-06,2023,3,9,113,103,0,Final
1038721,2024-04-06,2023,15,23,96,116,0,Final
1038722,2024-04-06,2023,8,1,142,110,0,Final
1038723,2024-04-07,2023,7,11,147,136,0,Final
1038724,2024-04-07,2023,13,6,120,118,0,Final
1038725,2024-04-07,2023,12,16,117,115,0,Final
1038726,2024-04-07,2023,2,25,124,107,0,Final
1038727,2024-04-07,2023,4,21,118,121,0,Final
1038728,2024-04-07,2023,22,5,113,98,0,Final
1038729,2024-04-07,2023,28,30,130,122,0,Final
1038730,2024-04-07,2023,24,19,105,113,0,Final
1038731,2024-04-07,2023,17,20,109,122,0,Final
1038732,2024-04-07,2023,27,23,126,133,0,Final
1038733,2024-04-07,2023,3,26,77,107,0,Final
1038734,2024-04-07,2023,10,29,118,110,0,Final
1038735,2024-04-07,2023,14,18,117,127,0,Final
1038736,2024-04-09,2023,4,7,104,130,0,Final
1038737,2024-04-09,2023,23,9,120,102,0,Final
1038738,2024-04-09,2023,28,12,123,140,0,Final
1038739,2024-04-09,2023,1,16,111,117,0,Final
1038740,2024-04-09,2023,17,2,104,91,0,Final
1038741,2024-04-09,2023,5,20,117,128,0,Final
1038742,2024-04-09,2023,11,22,118,106,0,Final
1038743,2024-04-09,2023,15,27,87,102,0,Final
1038744,2024-04-09,2023,18,30,130,121,0,Final
1038745,2024-04-09,2023,21,26,112,105,0,Final
1038746,2024-04-09,2023,29,8,95,111,0,Final
1038747,2024-04-09,2023,14,10,120,134,0,Final
1038748,2024-04-09,2023,24,13,92,105,0,Final
1038749,2024-04-09,2023,25,19,100,110,0,Final
1038750,2024-04-10,2023,6,15,110,98,0,Final
1038751,2024-04-10,2023,1,4,114,115,0,Final
1038752,2024-04-10,2023,3,28,106,102,0,Final
1038753,2024-04-10,2023,16,7,92,111,0,Final
1038754,2024-04-10,2023,17,22,117,99,0,Final
1038755,2024-04-10,2023,21,27,127,89,0,Final
1038756,2024-04-10,2023,8,18,116,107,0,Final
1038757,2024-04-10,2023,13,24,108,124,0,Final
1038758,2024-04-11,2023,9,5,105,127,0,Final
1038759,2024-04-11,2023,2,20,109,118,0,Final
1038760,2024-04-11,2023,29,11,124,121,0,Final
1038761,2024-04-11,2023,25,10,92,100,0,Final
1038762,2024-04-11,2023,26,19,123,135,0,Final
1038763,2024-04-12,2023,23,22,125,113,0,Final
1038764,2024-04-12,2023,30,5,127,129,0,Final
1038765,2024-04-12,2023,2,4,131,98,0,Final
1038766,2024-04-12,2023,6,12,129,120,0,Final
1038767,2024-04-12,2023,20,3,111,107,0,Final
1038768,2024-04-12,2023,16,28,125,103,0,Final
1038769,2024-04-12,2023,15,14,120,123,0,Final
1038770,2024-04-12,2023,18,1,109,106,0,Final
1038771,2024-04-12,2023,21,17,125,107,0,Final
1038772,2024-04-12,2023,27,8,121,120,0,Final
1038773,2024-04-12,2023,7,9,89,107,0,Final
1038774,2024-04-12,2023,10,19,109,114,0,Final
1038775,2024-04-12,2023,25,11,107,116,0,Final
1038776,2024-04-12,2023,13,29,109,110,0,Final
1038777,2024-04-12,2023,26,24,107,108,0,Final
1038778,2024-04-14,2023,2,30,132,122,0,Final
1038779,2024-04-14,2023,6,4,110,120,0,Final
1038780,2024-04-14,2023,12,1,157,115,0,Final
1038781,2024-04-14,2023,16,28,118,103,0,Final
1038782,2024-04-14,2023,20,5,120,119,0,Final
1038783,2024-04-14,2023,22,17,113,88,0,Final
1038784,2024-04-14,2023,23,3,107,86,0,Final
1038785,2024-04-14,2023,15,8,111,126,0,Final
1038786,2024-04-14,2023,18,24,106,125,0,Final
1038787,2024-04-14,2023,19,14,108,124,0,Final
1038788,2024-04-14,2023,21,7,135,86,0,Final
1038789,2024-04-14,2023,27,9,123,95,0,Final
1038790,2024-04-14,2023,10,29,123,116,0,Final
1038791,2024-04-14,2023,13,11,105,116,0,Final
1038792,2024-04-14,2023,26,25,121,82,0,Final
15881955,2024-04-16,2023,19,14,106,110,0,Final
15881956,2024-04-16,2023,26,10,118,94,0,Final
15881512,2024-04-17,2023,5,1,131,116,0,Final
15881938,2024-04-17,2023,23,16,105,104,0,Final
15882388,2024-04-19,2023,19,26,105,98,0,Final
15883285,2024-04-19,2023,16,5,112,91,0,Final
15881959,2024-04-20,2023,6,22,97,83,1,Final
15881960,2024-04-20,2023,18,24,120,95,1,Final
15882375,2024-04-20,2023,8,14,114,103,1,Final
15883156,2024-04-20,2023,20,23,111,104,1,Final
15881961,2024-04-21,2023,17,12,109,94,1,Final
15881962,2024-04-21,2023,13,7,109,97,1,Final
15885226,2024-04-21,2023,2,16,114,94,1,Final
15885376,2024-04-21,2023,21,19,94,92,1,Final
15882402,2024-04-22,2023,6,22,96,86,1,Final
15882403,2024-04-22,2023,8,14,101,99,1,Final
15883162,2024-04-22,2023,20,23,104,101,1,Final
15882404,2024-04-23,2023,17,12,108,125,1,Final
15882405,2024-04-23,2023,18,24,105,93,1,Final
15882406,2024-04-23,2023,13,7,93,96,1,Final
15885235,2024-04-24,2023,2,16,101,111,1,Final
15885385,2024-04-24,2023,21,19,124,92,1,Final
15882407,2024-04-25,2023,22,6,121,83,1,Final
15882408,2024-04-25,2023,14,8,105,112,1,Final
15883168,2024-04-25,2023,23,20,125,114,1,Final
15882409,2024-04-26,2023,12,17,121,118,1,Final
15882410,2024-04-26,2023,24,18,109,126,1,Final
15882411,2024-04-26,2023,7,13,101,90,1,Final
15882412,2024-04-27,2023,22,6,112,89,1,Final
15882413,2024-04-27,2023,14,8,119,108,1,Final
15885242,2024-04-27,2023,16,2,84,104,1,Final
15885394,2024-04-27,2023,19,21,85,106,1,Final
15882414,2024-04-28,2023,12,17,126,113,1,Final
15882415,2024-04-28,2023,24,18,116,122,1,Final
15882416,2024-04-28,2023,7,13,111,116,1,Final
15883176,2024-04-28,2023,23,20,92,97,1,Final
15882417,2024-04-29,2023,8,14,108,106,1,Final
15885249,2024-04-29,2023,16,2,88,102,1,Final
15885401,2024-04-29,2023,19,21,89,97,1,Final
15882418,2024-04-30,2023,17,12,115,92,1,Final
15882419,2024-04-30,2023,6,22,104,103,1,Final
15883181,2024-04-30,2023,20,23,106,112,1,Final
15882421,2024-05-01,2023,13,7,93,123,1,Final
15885255,2024-05-01,2023,2,16,118,84,1,Final
15882422,2024-05-02,2023,12,17,120,98,1,Final
15883186,2024-05-02,2023,23,20,115,118,1,Final
15882425,2024-05-03,2023,22,6,103,96,1,Final
15882426,2024-05-03,2023,7,13,114,101,1,Final
15895038,2024-05-04,2023,8,18,99,106,1,Final
15882430,2024-05-05,2023,6,22,106,94,1,Final
15895042,2024-05-06,2023,8,18,80,106,1,Final
15896341,2024-05-06,2023,20,12,121,117,1,Final
15896732,2024-05-07,2023,21,7,117,95,1,Final
15897590,2024-05-07,2023,2,6,120,95,1,Final
15896343,2024-05-08,2023,20,12,130,121,1,Final
15896734,2024-05-09,2023,21,7,110,119,1,Final
15897593,2024-05-09,2023,2,6,94,118,1,Final
15895043,2024-05-10,2023,18,8,90,117,1,Final
15896344,2024-05-10,2023,12,20,111,106,1,Final
15896737,2024-05-11,2023,7,21,105,101,1,Final
15897597,2024-05-11,2023,6,2,93,106,1,Final
15895044,2024-05-12,2023,18,8,107,115,1,Final
15896346,2024-05-12,2023,12,20,121,89,1,Final
15896740,2024-05-13,2023,7,21,96,100,1,Final
15897601,2024-05-13,2023,6,2,102,109,1,Final
15895045,2024-05-14,2023,8,18,112,97,1,Final
15896618,2024-05-14,2023,20,12,121,91,1,Final
15896743,2024-05-15,2023,21,7,92,104,1,Final
15897605,2024-05-15,2023,2,6,113,98,1,Final
15895046,2024-05-16,2023,18,8,115,70,1,Final
15896621,2024-05-17,2023,12,20,116,103,1,Final
15896746,2024-05-18,2023,7,21,117,116,1,Final
15895047,2024-05-19,2023,8,18,90,98,1,Final
15896622,2024-05-19,2023,20,12,109,130,1,Final
15902612,2024-05-21,2023,2,12,133,128,1,Final
15902644,2024-05-22,2023,18,7,105,108,1,Final
15902613,2024-05-23,2023,2,12,126,110,1,Final
15902646,2024-05-24,2023,18,7,108,109,1,Final
15902614,2024-05-25,2023,12,2,111,114,1,Final
15902648,2024-05-26,2023,7,18,116,107,1,Final
15902615,2024-05-27,2023,12,2,102,105,1,Final
15902650,2024-05-28,2023,7,18,100,105,1,Final
15902652,2024-05-30,2023,18,7,103,124,1,Final
15905063,2024-06-06,2023,2,7,107,89,1,Final
15905064,2024-06-09,2023,2,7,105,98,1,Final
15905065,2024-06-12,2023,7,2,99,106,1,Final
15905066,2024-06-14,2023,7,2,122,84,1,Final
15905067,2024-06-17,2023,2,7,106,88,1,Final
